Model,Target,Train_R2,Test_R2,Train_RMSE,Test_RMSE,Train_MAE,Test_MAE,CV_R2_Mean,CV_R2_Std
OLS,% Adults with Diabetes,0.6731689499494844,0.6443565159208241,1.1021099114524535,1.079453822737983,0.8787219660975304,0.8582964745018765,0.668574167325727,0.016340324977954804
Ridge,% Adults with Diabetes,0.6731161343092441,0.6439727974549001,1.102198957901914,1.0800359994368003,0.8782773533640237,0.8579783489988296,0.6686348523230825,0.016050265575757384
Lasso,% Adults with Diabetes,0.6731656300423212,0.6442397211897393,1.1021155089825803,1.0796310566470027,0.8786449389624469,0.8581999252683377,0.6685643987408338,0.016327328589787207
